<openerp>
	<data>
	
	
			<record id="purchase_order_bengkel_form" model="ir.ui.view">
	            <field name="name">purchase.order.form</field>
	            <field name="model">purchase.order</field>
	            <field name="inherit_id" ref="purchase.purchase_order_form" />
	            <field name="arch" type="xml">
	            	
	            	<button name="bid_received" position="replace"/>
                    <button name="wkf_send_rfq" position="replace"/>
                    <button name="print_quotation" position="replace"/>
                    <button name="picking_ok" position="replace"/>
                    <button name="invoice_ok" position="replace"/>
                    <button name="purchase_approve" position="replace"/>
                    <button name="wkf_send_rfq" position="replace"/>
                    <button name="view_picking" position="replace"/>
                    <!-- <button name="action_cancel_draft" position="replace" /> -->
                    <!-- <button name="action_cancel" position="replace" /> -->
	            	
	            	
	            	<button name="purchase_confirm" position="after" > 
	            			<button name="approve" type="object" string="Setuju" states="draft" />
							<button name="action_picking_create" type="object" string="Terima Barang" states="approved" />
							<button name="action_invoice_create" type="object" string="Terima Invoice" states="receive" />
	            	</button>
	            	
	            	<button name="purchase_confirm" position="replace"/>
	            	
	            	
	            	<button name="view_invoice" position="attributes">
	            		<attribute name="states">
<!-- 	            			{'invisible': ['|', ('invoice_method','in', ['picking', 'manual']), '|', ('state','!=', 'done'), ('invoiced','=',True) ]} -->
							done
	            		</attribute>
	            		
<!-- 	            		<attribute name="string"> -->
<!-- 	            			Lihat Invoice -->
<!-- 	            		</attribute> -->
	            	
	            	</button>
                    
	            	
	            	<field name="state" position="attributes">
						<attribute name="widget" >statusbar</attribute>
						<attribute name="statusbar_visible">draft, approved, receive, done</attribute>
					</field>
					
					
					<xpath expr="//field[@name='product_uom']" position="replace">
		                    <field name="product_uom" string="Satuan"
		                    on_change="onchange_product_uom(parent.pricelist_id,product_id,product_qty,product_uom,parent.partner_id, parent.date_order,parent.fiscal_position,date_planned,name,price_unit,parent.state,context)"/>
                	</xpath>
					
	            
	            </field> 
	        </record>
	        
	        <!--<delete id="purchase.menu_purchase_rfq" model="ir.ui.menu"/> -->
        
	        <record model="ir.ui.menu" id="purchase.menu_purchase_rfq" >
					<field name="name">Draft Pembelian</field>        
	        </record>

	        <record model="ir.ui.menu" id="purchase.menu_purchase_form_action" >
					<field name="name">Pembelian</field>        
	        </record>
	        
	        <record model="ir.actions.act_window" id="purchase.purchase_rfq" >
                <field name="name">Draft Pembelian</field>        
	        </record>

	        <record model="ir.actions.act_window" id="purchase.purchase_form_action" >
	                <field name="name">Pembelian</field>        
	        </record>



	        
	        <menuitem id="menu_procurement_management_suppliers_top" name="Suppliers"
	          parent="base.menu_purchase_root" sequence="5"/>


	        <menuitem id="base.menu_procurement_management_supplier_name" name="Suppliers"
	        parent="menu_procurement_management_suppliers_top"
	        action="base.action_partner_supplier_form" sequence="15"/>



	        
	        	
	        
	
	
	</data>
</openerp>